forecast_date,target,location,target_end_date,type,quantile,value
2020-08-03,1 wk ahead inc death,US,2020-08-08,point,,8140.53622504355
2020-08-03,2 wk ahead inc death,US,2020-08-15,point,,10053.657661193101
2020-08-03,3 wk ahead inc death,US,2020-08-22,point,,12532.3167237369
2020-08-03,4 wk ahead inc death,US,2020-08-29,point,,15740.325696243899
2020-08-03,1 wk ahead cum death,US,2020-08-08,point,,161161.536225044
2020-08-03,2 wk ahead cum death,US,2020-08-15,point,,171215.193886237
2020-08-03,3 wk ahead cum death,US,2020-08-22,point,,183747.51060997305
2020-08-03,4 wk ahead cum death,US,2020-08-29,point,,199487.83630621692
2020-08-10,1 wk ahead inc death,US,2020-08-15,point,,8674.39221544106
2020-08-10,1 wk ahead inc death,36,2020-08-15,point,,67.7079757725637
2020-08-10,1 wk ahead inc death,34,2020-08-15,point,,71.6775537271877
2020-08-10,1 wk ahead inc death,06,2020-08-15,point,,935.2225237359892
2020-08-10,1 wk ahead inc death,48,2020-08-15,point,,1935.12180426772
2020-08-10,1 wk ahead inc death,25,2020-08-15,point,,110.095402532359
2020-08-10,1 wk ahead inc death,12,2020-08-15,point,,1361.81189061182
2020-08-10,1 wk ahead inc death,17,2020-08-15,point,,107.10045521454201
2020-08-10,1 wk ahead inc death,42,2020-08-15,point,,103.90348628509199
2020-08-10,1 wk ahead inc death,26,2020-08-15,point,,46.0027234221692
2020-08-10,1 wk ahead inc death,09,2020-08-15,point,,24.360804532554397
2020-08-10,1 wk ahead inc death,22,2020-08-15,point,,273.797392680946
2020-08-10,1 wk ahead inc death,13,2020-08-15,point,,383.2269896618351
2020-08-10,1 wk ahead inc death,04,2020-08-15,point,,549.1258838175489
2020-08-10,1 wk ahead inc death,39,2020-08-15,point,,220.069260952662
2020-08-10,1 wk ahead inc death,24,2020-08-15,point,,88.17936921273451
2020-08-10,1 wk ahead inc death,18,2020-08-15,point,,66.3545948799014
2020-08-10,1 wk ahead inc death,51,2020-08-15,point,,132.559659238904
2020-08-10,1 wk ahead inc death,37,2020-08-15,point,,229.715388275521
2020-08-10,1 wk ahead inc death,45,2020-08-15,point,,418.090016862744
2020-08-10,1 wk ahead inc death,28,2020-08-15,point,,228.711211131026
2020-08-10,1 wk ahead inc death,08,2020-08-15,point,,45.479971168679285
2020-08-10,1 wk ahead inc death,01,2020-08-15,point,,177.068012882603
2020-08-10,1 wk ahead inc death,27,2020-08-15,point,,43.093614815539
2020-08-10,1 wk ahead inc death,53,2020-08-15,point,,78.2419259809352
2020-08-10,1 wk ahead inc death,29,2020-08-15,point,,56.099663395730104
2020-08-10,1 wk ahead inc death,47,2020-08-15,point,,123.67801111768298
2020-08-10,1 wk ahead inc death,44,2020-08-15,point,,3.178022844817649
2020-08-10,1 wk ahead inc death,55,2020-08-15,point,,61.19877161080811
2020-08-10,1 wk ahead inc death,32,2020-08-15,point,,132.422399669434
2020-08-10,1 wk ahead inc death,19,2020-08-15,point,,49.8672467899098
2020-08-10,1 wk ahead inc death,40,2020-08-15,point,,54.7619912946148
2020-08-10,1 wk ahead inc death,21,2020-08-15,point,,41.0269636457954
2020-08-10,2 wk ahead inc death,US,2020-08-22,point,,10308.281459656
2020-08-10,2 wk ahead inc death,36,2020-08-22,point,,60.6721311999635
2020-08-10,2 wk ahead inc death,34,2020-08-22,point,,72.17900878697151
2020-08-10,2 wk ahead inc death,06,2020-08-22,point,,1059.50532490332
2020-08-10,2 wk ahead inc death,48,2020-08-22,point,,2377.84147633806
2020-08-10,2 wk ahead inc death,25,2020-08-22,point,,115.54549236808201
2020-08-10,2 wk ahead inc death,12,2020-08-22,point,,1657.5502342022198
2020-08-10,2 wk ahead inc death,17,2020-08-22,point,,108.691184488764
2020-08-10,2 wk ahead inc death,42,2020-08-22,point,,117.603239836125
2020-08-10,2 wk ahead inc death,26,2020-08-22,point,,47.617681455765705
2020-08-10,2 wk ahead inc death,09,2020-08-22,point,,34.2128511241964
2020-08-10,2 wk ahead inc death,22,2020-08-22,point,,326.642282367869
2020-08-10,2 wk ahead inc death,13,2020-08-22,point,,459.70010442689596
2020-08-10,2 wk ahead inc death,04,2020-08-22,point,,637.5335485824891
2020-08-10,2 wk ahead inc death,39,2020-08-22,point,,249.740436449015
2020-08-10,2 wk ahead inc death,24,2020-08-22,point,,99.4209063821443
2020-08-10,2 wk ahead inc death,18,2020-08-22,point,,69.47819395031
2020-08-10,2 wk ahead inc death,51,2020-08-22,point,,164.424942628411
2020-08-10,2 wk ahead inc death,37,2020-08-22,point,,270.198417234622
2020-08-10,2 wk ahead inc death,45,2020-08-22,point,,546.911247590251
2020-08-10,2 wk ahead inc death,28,2020-08-22,point,,273.415021414384
2020-08-10,2 wk ahead inc death,08,2020-08-22,point,,55.39262797819779
2020-08-10,2 wk ahead inc death,01,2020-08-22,point,,198.113622301957
2020-08-10,2 wk ahead inc death,27,2020-08-22,point,,51.590855443945706
2020-08-10,2 wk ahead inc death,53,2020-08-22,point,,82.71303106433041
2020-08-10,2 wk ahead inc death,29,2020-08-22,point,,62.108392520646
2020-08-10,2 wk ahead inc death,47,2020-08-22,point,,140.773583839777
2020-08-10,2 wk ahead inc death,44,2020-08-22,point,,1.96904315661169
2020-08-10,2 wk ahead inc death,55,2020-08-22,point,,75.8061527285941
2020-08-10,2 wk ahead inc death,32,2020-08-22,point,,177.603401606936
2020-08-10,2 wk ahead inc death,19,2020-08-22,point,,59.81492509362739
2020-08-10,2 wk ahead inc death,40,2020-08-22,point,,61.203545220482205
2020-08-10,2 wk ahead inc death,21,2020-08-22,point,,43.7272347032986
2020-08-10,3 wk ahead inc death,US,2020-08-29,point,,12251.7609272214
2020-08-10,3 wk ahead inc death,36,2020-08-29,point,,54.41193216874989
2020-08-10,3 wk ahead inc death,34,2020-08-29,point,,73.4088590171418
2020-08-10,3 wk ahead inc death,06,2020-08-29,point,,1199.96593548737
2020-08-10,3 wk ahead inc death,48,2020-08-29,point,,2884.57354056161
2020-08-10,3 wk ahead inc death,25,2020-08-29,point,,124.60900867122999
2020-08-10,3 wk ahead inc death,12,2020-08-29,point,,2011.59320949823
2020-08-10,3 wk ahead inc death,17,2020-08-29,point,,111.08588348521002
2020-08-10,3 wk ahead inc death,42,2020-08-29,point,,138.60594736620502
2020-08-10,3 wk ahead inc death,26,2020-08-29,point,,48.8719007955434
2020-08-10,3 wk ahead inc death,09,2020-08-29,point,,48.4866204457578
2020-08-10,3 wk ahead inc death,22,2020-08-29,point,,375.52100371009595
2020-08-10,3 wk ahead inc death,13,2020-08-29,point,,549.872773869578
2020-08-10,3 wk ahead inc death,04,2020-08-29,point,,742.968867865015
2020-08-10,3 wk ahead inc death,39,2020-08-29,point,,282.102620034174
2020-08-10,3 wk ahead inc death,24,2020-08-29,point,,114.37960926366699
2020-08-10,3 wk ahead inc death,18,2020-08-29,point,,72.12568857180379
2020-08-10,3 wk ahead inc death,51,2020-08-29,point,,200.177388940322
2020-08-10,3 wk ahead inc death,37,2020-08-29,point,,323.408759477071
2020-08-10,3 wk ahead inc death,45,2020-08-29,point,,712.74886100065
2020-08-10,3 wk ahead inc death,28,2020-08-29,point,,332.091883105928
2020-08-10,3 wk ahead inc death,08,2020-08-29,point,,67.2232726783961
2020-08-10,3 wk ahead inc death,01,2020-08-29,point,,224.01822121257402
2020-08-10,3 wk ahead inc death,27,2020-08-29,point,,57.724666442791786
2020-08-10,3 wk ahead inc death,53,2020-08-29,point,,87.9260647560489
2020-08-10,3 wk ahead inc death,29,2020-08-29,point,,67.7482599475148
2020-08-10,3 wk ahead inc death,47,2020-08-29,point,,159.952366953936
2020-08-10,3 wk ahead inc death,44,2020-08-29,point,,1.22170984632701
2020-08-10,3 wk ahead inc death,55,2020-08-29,point,,93.74107846447771
2020-08-10,3 wk ahead inc death,32,2020-08-29,point,,239.315359498908
2020-08-10,3 wk ahead inc death,19,2020-08-29,point,,67.1935709904665
2020-08-10,3 wk ahead inc death,40,2020-08-29,point,,67.88008574455529
2020-08-10,3 wk ahead inc death,21,2020-08-29,point,,46.26067598756271
2020-08-10,4 wk ahead inc death,US,2020-09-05,point,,14738.9368189566
2020-08-10,4 wk ahead inc death,36,2020-09-05,point,,48.8073022542615
2020-08-10,4 wk ahead inc death,34,2020-09-05,point,,74.7657935256957
2020-08-10,4 wk ahead inc death,06,2020-09-05,point,,1368.0870232187199
2020-08-10,4 wk ahead inc death,48,2020-09-05,point,,3603.01544109208
2020-08-10,4 wk ahead inc death,25,2020-09-05,point,,134.688681976351
2020-08-10,4 wk ahead inc death,12,2020-09-05,point,,2427.14795520989
2020-08-10,4 wk ahead inc death,17,2020-09-05,point,,114.077658454162
2020-08-10,4 wk ahead inc death,42,2020-09-05,point,,160.513622608616
2020-08-10,4 wk ahead inc death,26,2020-09-05,point,,50.623107412025796
2020-08-10,4 wk ahead inc death,09,2020-09-05,point,,69.457270682884
2020-08-10,4 wk ahead inc death,22,2020-09-05,point,,452.311990781273
2020-08-10,4 wk ahead inc death,13,2020-09-05,point,,667.584338608458
2020-08-10,4 wk ahead inc death,04,2020-09-05,point,,868.489589227479
2020-08-10,4 wk ahead inc death,39,2020-09-05,point,,319.310386340998
2020-08-10,4 wk ahead inc death,24,2020-09-05,point,,128.078983561773
2020-08-10,4 wk ahead inc death,18,2020-09-05,point,,74.8382398464599
2020-08-10,4 wk ahead inc death,51,2020-09-05,point,,243.64183773079398
2020-08-10,4 wk ahead inc death,37,2020-09-05,point,,384.539594648044
2020-08-10,4 wk ahead inc death,45,2020-09-05,point,,934.8149614271788
2020-08-10,4 wk ahead inc death,28,2020-09-05,point,,399.9976954165911
2020-08-10,4 wk ahead inc death,08,2020-09-05,point,,81.50983746147591
2020-08-10,4 wk ahead inc death,01,2020-09-05,point,,252.09999436809105
2020-08-10,4 wk ahead inc death,27,2020-09-05,point,,68.8842899669757
2020-08-10,4 wk ahead inc death,53,2020-09-05,point,,93.35877753031679
2020-08-10,4 wk ahead inc death,29,2020-09-05,point,,73.6129917009092
2020-08-10,4 wk ahead inc death,47,2020-09-05,point,,181.630938809362
2020-08-10,4 wk ahead inc death,44,2020-09-05,point,,0.7661992432485341
2020-08-10,4 wk ahead inc death,55,2020-09-05,point,,116.942008384393
2020-08-10,4 wk ahead inc death,32,2020-09-05,point,,322.575856199516
2020-08-10,4 wk ahead inc death,19,2020-09-05,point,,78.50730811722771
2020-08-10,4 wk ahead inc death,40,2020-09-05,point,,77.2534411229146
2020-08-10,4 wk ahead inc death,21,2020-09-05,point,,48.881489211644706
2020-08-10,1 wk ahead cum death,US,2020-08-15,point,,169808.392215441
2020-08-10,1 wk ahead cum death,36,2020-08-15,point,,32835.707975772595
2020-08-10,1 wk ahead cum death,34,2020-08-15,point,,15940.6775537272
2020-08-10,1 wk ahead cum death,06,2020-08-15,point,,11242.222523736002
2020-08-10,1 wk ahead cum death,48,2020-08-15,point,,10993.121804267701
2020-08-10,1 wk ahead cum death,25,2020-08-15,point,,8830.095402532359
2020-08-10,1 wk ahead cum death,12,2020-08-15,point,,9470.81189061182
2020-08-10,1 wk ahead cum death,17,2020-08-15,point,,7947.100455214541
2020-08-10,1 wk ahead cum death,42,2020-08-15,point,,7413.90348628509
2020-08-10,1 wk ahead cum death,26,2020-08-15,point,,6492.002723422171
2020-08-10,1 wk ahead cum death,09,2020-08-15,point,,4465.36080453255
2020-08-10,1 wk ahead cum death,22,2020-08-15,point,,4480.79739268095
2020-08-10,1 wk ahead cum death,13,2020-08-15,point,,4569.22698966184
2020-08-10,1 wk ahead cum death,04,2020-08-15,point,,4686.12588381755
2020-08-10,1 wk ahead cum death,39,2020-08-15,point,,3888.06926095266
2020-08-10,1 wk ahead cum death,24,2020-08-15,point,,3665.1793692127294
2020-08-10,1 wk ahead cum death,18,2020-08-15,point,,3102.3545948799
2020-08-10,1 wk ahead cum death,51,2020-08-15,point,,2454.5596592389
2020-08-10,1 wk ahead cum death,37,2020-08-15,point,,2413.71538827552
2020-08-10,1 wk ahead cum death,45,2020-08-15,point,,2425.09001686274
2020-08-10,1 wk ahead cum death,28,2020-08-15,point,,2102.71121113103
2020-08-10,1 wk ahead cum death,08,2020-08-15,point,,1902.47997116868
2020-08-10,1 wk ahead cum death,01,2020-08-15,point,,1932.0680128826
2020-08-10,1 wk ahead cum death,27,2020-08-15,point,,1732.09361481554
2020-08-10,1 wk ahead cum death,53,2020-08-15,point,,1766.2419259809399
2020-08-10,1 wk ahead cum death,29,2020-08-15,point,,1322.0996633957302
2020-08-10,1 wk ahead cum death,47,2020-08-15,point,,1338.67801111768
2020-08-10,1 wk ahead cum death,44,2020-08-15,point,,1017.1780228448199
2020-08-10,1 wk ahead cum death,55,2020-08-15,point,,1057.19877161081
2020-08-10,1 wk ahead cum death,32,2020-08-15,point,,1081.42239966943
2020-08-10,1 wk ahead cum death,19,2020-08-15,point,,976.8672467899099
2020-08-10,1 wk ahead cum death,40,2020-08-15,point,,657.761991294615
2020-08-10,1 wk ahead cum death,21,2020-08-15,point,,813.026963645795
2020-08-10,2 wk ahead cum death,US,2020-08-22,point,,180116.673675097
2020-08-10,2 wk ahead cum death,36,2020-08-22,point,,32896.3801069725
2020-08-10,2 wk ahead cum death,34,2020-08-22,point,,16012.8565625142
2020-08-10,2 wk ahead cum death,06,2020-08-22,point,,12301.727848639299
2020-08-10,2 wk ahead cum death,48,2020-08-22,point,,13370.963280605802
2020-08-10,2 wk ahead cum death,25,2020-08-22,point,,8945.64089490044
2020-08-10,2 wk ahead cum death,12,2020-08-22,point,,11128.362124813999
2020-08-10,2 wk ahead cum death,17,2020-08-22,point,,8055.79163970331
2020-08-10,2 wk ahead cum death,42,2020-08-22,point,,7531.506726121221
2020-08-10,2 wk ahead cum death,26,2020-08-22,point,,6539.62040487793
2020-08-10,2 wk ahead cum death,09,2020-08-22,point,,4499.57365565675
2020-08-10,2 wk ahead cum death,22,2020-08-22,point,,4807.43967504882
2020-08-10,2 wk ahead cum death,13,2020-08-22,point,,5028.92709408873
2020-08-10,2 wk ahead cum death,04,2020-08-22,point,,5323.65943240004
2020-08-10,2 wk ahead cum death,39,2020-08-22,point,,4137.80969740168
2020-08-10,2 wk ahead cum death,24,2020-08-22,point,,3764.60027559488
2020-08-10,2 wk ahead cum death,18,2020-08-22,point,,3171.83278883021
2020-08-10,2 wk ahead cum death,51,2020-08-22,point,,2618.98460186731
2020-08-10,2 wk ahead cum death,37,2020-08-22,point,,2683.91380551014
2020-08-10,2 wk ahead cum death,45,2020-08-22,point,,2972.00126445299
2020-08-10,2 wk ahead cum death,28,2020-08-22,point,,2376.12623254541
2020-08-10,2 wk ahead cum death,08,2020-08-22,point,,1957.8725991468798
2020-08-10,2 wk ahead cum death,01,2020-08-22,point,,2130.18163518456
2020-08-10,2 wk ahead cum death,27,2020-08-22,point,,1783.68447025948
2020-08-10,2 wk ahead cum death,53,2020-08-22,point,,1848.9549570452696
2020-08-10,2 wk ahead cum death,29,2020-08-22,point,,1384.20805591638
2020-08-10,2 wk ahead cum death,47,2020-08-22,point,,1479.45159495746
2020-08-10,2 wk ahead cum death,44,2020-08-22,point,,1019.1470660014301
2020-08-10,2 wk ahead cum death,55,2020-08-22,point,,1133.0049243394
2020-08-10,2 wk ahead cum death,32,2020-08-22,point,,1259.02580127637
2020-08-10,2 wk ahead cum death,19,2020-08-22,point,,1036.6821718835401
2020-08-10,2 wk ahead cum death,40,2020-08-22,point,,718.965536515097
2020-08-10,2 wk ahead cum death,21,2020-08-22,point,,856.7541983490939
2020-08-10,3 wk ahead cum death,US,2020-08-29,point,,192368.434602318
2020-08-10,3 wk ahead cum death,36,2020-08-29,point,,32950.7920391413
2020-08-10,3 wk ahead cum death,34,2020-08-29,point,,16086.2654215313
2020-08-10,3 wk ahead cum death,06,2020-08-29,point,,13501.693784126699
2020-08-10,3 wk ahead cum death,48,2020-08-29,point,,16255.5368211674
2020-08-10,3 wk ahead cum death,25,2020-08-29,point,,9070.24990357167
2020-08-10,3 wk ahead cum death,12,2020-08-29,point,,13139.9553343123
2020-08-10,3 wk ahead cum death,17,2020-08-29,point,,8166.87752318852
2020-08-10,3 wk ahead cum death,42,2020-08-29,point,,7670.112673487421
2020-08-10,3 wk ahead cum death,26,2020-08-29,point,,6588.4923056734815
2020-08-10,3 wk ahead cum death,09,2020-08-29,point,,4548.06027610251
2020-08-10,3 wk ahead cum death,22,2020-08-29,point,,5182.96067875891
2020-08-10,3 wk ahead cum death,13,2020-08-29,point,,5578.799867958311
2020-08-10,3 wk ahead cum death,04,2020-08-29,point,,6066.62830026505
2020-08-10,3 wk ahead cum death,39,2020-08-29,point,,4419.91231743585
2020-08-10,3 wk ahead cum death,24,2020-08-29,point,,3878.9798848585497
2020-08-10,3 wk ahead cum death,18,2020-08-29,point,,3243.9584774020195
2020-08-10,3 wk ahead cum death,51,2020-08-29,point,,2819.16199080764
2020-08-10,3 wk ahead cum death,37,2020-08-29,point,,3007.32256498721
2020-08-10,3 wk ahead cum death,45,2020-08-29,point,,3684.75012545365
2020-08-10,3 wk ahead cum death,28,2020-08-29,point,,2708.21811565134
2020-08-10,3 wk ahead cum death,08,2020-08-29,point,,2025.0958718252696
2020-08-10,3 wk ahead cum death,01,2020-08-29,point,,2354.19985639713
2020-08-10,3 wk ahead cum death,27,2020-08-29,point,,1841.40913670228
2020-08-10,3 wk ahead cum death,53,2020-08-29,point,,1936.8810218013105
2020-08-10,3 wk ahead cum death,29,2020-08-29,point,,1451.95631586389
2020-08-10,3 wk ahead cum death,47,2020-08-29,point,,1639.4039619114
2020-08-10,3 wk ahead cum death,44,2020-08-29,point,,1020.36877584776
2020-08-10,3 wk ahead cum death,55,2020-08-29,point,,1226.74600280388
2020-08-10,3 wk ahead cum death,32,2020-08-29,point,,1498.34116077528
2020-08-10,3 wk ahead cum death,19,2020-08-29,point,,1103.875742874
2020-08-10,3 wk ahead cum death,40,2020-08-29,point,,786.8456222596519
2020-08-10,3 wk ahead cum death,21,2020-08-29,point,,903.0148743366568
2020-08-10,4 wk ahead cum death,US,2020-09-05,point,,207107.371421275
2020-08-10,4 wk ahead cum death,36,2020-09-05,point,,32999.5993413955
2020-08-10,4 wk ahead cum death,34,2020-09-05,point,,16161.031215056999
2020-08-10,4 wk ahead cum death,06,2020-09-05,point,,14869.7808073454
2020-08-10,4 wk ahead cum death,48,2020-09-05,point,,19858.552262259498
2020-08-10,4 wk ahead cum death,25,2020-09-05,point,,9204.93858554802
2020-08-10,4 wk ahead cum death,12,2020-09-05,point,,15567.1032895222
2020-08-10,4 wk ahead cum death,17,2020-09-05,point,,8280.95518164268
2020-08-10,4 wk ahead cum death,42,2020-09-05,point,,7830.62629609604
2020-08-10,4 wk ahead cum death,26,2020-09-05,point,,6639.1154130855
2020-08-10,4 wk ahead cum death,09,2020-09-05,point,,4617.51754678539
2020-08-10,4 wk ahead cum death,22,2020-09-05,point,,5635.272669540191
2020-08-10,4 wk ahead cum death,13,2020-09-05,point,,6246.38420656677
2020-08-10,4 wk ahead cum death,04,2020-09-05,point,,6935.11788949253
2020-08-10,4 wk ahead cum death,39,2020-09-05,point,,4739.22270377685
2020-08-10,4 wk ahead cum death,24,2020-09-05,point,,4007.05886842032
2020-08-10,4 wk ahead cum death,18,2020-09-05,point,,3318.79671724848
2020-08-10,4 wk ahead cum death,51,2020-09-05,point,,3062.80382853843
2020-08-10,4 wk ahead cum death,37,2020-09-05,point,,3391.86215963526
2020-08-10,4 wk ahead cum death,45,2020-09-05,point,,4619.565086880821
2020-08-10,4 wk ahead cum death,28,2020-09-05,point,,3108.21581106793
2020-08-10,4 wk ahead cum death,08,2020-09-05,point,,2106.60570928675
2020-08-10,4 wk ahead cum death,01,2020-09-05,point,,2606.29985076523
2020-08-10,4 wk ahead cum death,27,2020-09-05,point,,1910.2934266692496
2020-08-10,4 wk ahead cum death,53,2020-09-05,point,,2030.23979933163
2020-08-10,4 wk ahead cum death,29,2020-09-05,point,,1525.5693075648
2020-08-10,4 wk ahead cum death,47,2020-09-05,point,,1821.03490072076
2020-08-10,4 wk ahead cum death,44,2020-09-05,point,,1021.1349750910001
2020-08-10,4 wk ahead cum death,55,2020-09-05,point,,1343.68801118827
2020-08-10,4 wk ahead cum death,32,2020-09-05,point,,1820.9170169747895
2020-08-10,4 wk ahead cum death,19,2020-09-05,point,,1182.38305099123
2020-08-10,4 wk ahead cum death,40,2020-09-05,point,,864.099063382567
2020-08-10,4 wk ahead cum death,21,2020-09-05,point,,951.8963635483008
2020-08-16,1 wk ahead inc death,US,2020-08-22,point,,8400.28621226194
2020-08-16,1 wk ahead inc death,36,2020-08-22,point,,54.27082268361279
2020-08-16,1 wk ahead inc death,34,2020-08-22,point,,43.688244597208296
2020-08-16,1 wk ahead inc death,06,2020-08-22,point,,1084.44479167764
2020-08-16,1 wk ahead inc death,48,2020-08-22,point,,1688.3031759077498
2020-08-16,1 wk ahead inc death,12,2020-08-22,point,,1390.1876278467098
2020-08-16,1 wk ahead inc death,25,2020-08-22,point,,108.29866925578101
2020-08-16,1 wk ahead inc death,17,2020-08-22,point,,115.840526547561
2020-08-16,1 wk ahead inc death,42,2020-08-22,point,,88.5699877011016
2020-08-16,1 wk ahead inc death,26,2020-08-22,point,,54.795681439211705
2020-08-16,1 wk ahead inc death,13,2020-08-22,point,,446.822048394374
2020-08-16,1 wk ahead inc death,04,2020-08-22,point,,404.99974459605903
2020-08-16,1 wk ahead inc death,09,2020-08-22,point,,12.348203023610802
2020-08-16,1 wk ahead inc death,22,2020-08-22,point,,289.33067545577006
2020-08-16,1 wk ahead inc death,39,2020-08-22,point,,176.25587338848203
2020-08-16,1 wk ahead inc death,24,2020-08-22,point,,75.8845275828173
2020-08-16,1 wk ahead inc death,18,2020-08-22,point,,64.8241954041322
2020-08-16,1 wk ahead inc death,51,2020-08-22,point,,154.178746514628
2020-08-16,1 wk ahead inc death,37,2020-08-22,point,,215.705051645565
2020-08-16,1 wk ahead inc death,45,2020-08-22,point,,342.213394763409
2020-08-16,1 wk ahead inc death,28,2020-08-22,point,,238.656355494742
2020-08-16,1 wk ahead inc death,08,2020-08-22,point,,32.400386050542195
2020-08-16,1 wk ahead inc death,01,2020-08-22,point,,169.54857144404698
2020-08-16,1 wk ahead inc death,53,2020-08-22,point,,107.18943110944001
2020-08-16,1 wk ahead inc death,27,2020-08-22,point,,52.741209912989206
2020-08-16,1 wk ahead inc death,47,2020-08-22,point,,151.288749340145
2020-08-16,1 wk ahead inc death,29,2020-08-22,point,,51.203225027082205
2020-08-16,1 wk ahead inc death,32,2020-08-22,point,,146.693641373681
2020-08-16,1 wk ahead inc death,55,2020-08-22,point,,67.9340529854355
2020-08-16,1 wk ahead inc death,44,2020-08-22,point,,2.90671257332013
2020-08-16,1 wk ahead inc death,19,2020-08-22,point,,54.2837303756226
2020-08-16,1 wk ahead inc death,40,2020-08-22,point,,51.19971312812961
2020-08-16,1 wk ahead inc death,21,2020-08-22,point,,30.3226627508292
2020-08-16,2 wk ahead inc death,US,2020-08-29,point,,9933.86937139177
2020-08-16,2 wk ahead inc death,36,2020-08-29,point,,48.646797847325104
2020-08-16,2 wk ahead inc death,34,2020-08-29,point,,44.329084262623795
2020-08-16,2 wk ahead inc death,06,2020-08-29,point,,1227.01825609239
2020-08-16,2 wk ahead inc death,48,2020-08-29,point,,2044.7425226726
2020-08-16,2 wk ahead inc death,12,2020-08-29,point,,1685.73943803174
2020-08-16,2 wk ahead inc death,25,2020-08-29,point,,116.71317509729401
2020-08-16,2 wk ahead inc death,17,2020-08-29,point,,118.11971614883998
2020-08-16,2 wk ahead inc death,42,2020-08-29,point,,104.23526747171499
2020-08-16,2 wk ahead inc death,26,2020-08-29,point,,56.2188006642761
2020-08-16,2 wk ahead inc death,13,2020-08-29,point,,534.216039979132
2020-08-16,2 wk ahead inc death,04,2020-08-29,point,,470.14068593476
2020-08-16,2 wk ahead inc death,09,2020-08-29,point,,17.391748258093
2020-08-16,2 wk ahead inc death,22,2020-08-29,point,,332.039822192202
2020-08-16,2 wk ahead inc death,39,2020-08-29,point,,198.84052567403802
2020-08-16,2 wk ahead inc death,24,2020-08-29,point,,86.9688642029537
2020-08-16,2 wk ahead inc death,18,2020-08-29,point,,66.45001398999699
2020-08-16,2 wk ahead inc death,51,2020-08-29,point,,187.057780459192
2020-08-16,2 wk ahead inc death,37,2020-08-29,point,,257.784881415268
2020-08-16,2 wk ahead inc death,45,2020-08-29,point,,444.179473689182
2020-08-16,2 wk ahead inc death,28,2020-08-29,point,,289.46835202979497
2020-08-16,2 wk ahead inc death,08,2020-08-29,point,,39.1901394452949
2020-08-16,2 wk ahead inc death,01,2020-08-29,point,,191.35341228752898
2020-08-16,2 wk ahead inc death,53,2020-08-29,point,,128.170422334439
2020-08-16,2 wk ahead inc death,27,2020-08-29,point,,58.8603080225621
2020-08-16,2 wk ahead inc death,47,2020-08-29,point,,172.834539667785
2020-08-16,2 wk ahead inc death,29,2020-08-29,point,,55.179329838658106
2020-08-16,2 wk ahead inc death,32,2020-08-29,point,,193.444716206347
2020-08-16,2 wk ahead inc death,55,2020-08-29,point,,83.8867446689939
2020-08-16,2 wk ahead inc death,44,2020-08-29,point,,1.87993806945499
2020-08-16,2 wk ahead inc death,19,2020-08-29,point,,60.9295125507699
2020-08-16,2 wk ahead inc death,40,2020-08-29,point,,57.1248307510602
2020-08-16,2 wk ahead inc death,21,2020-08-29,point,,32.059140871474106
2020-08-16,3 wk ahead inc death,US,2020-09-05,point,,11874.8806267977
2020-08-16,3 wk ahead inc death,36,2020-09-05,point,,43.6225436360015
2020-08-16,3 wk ahead inc death,34,2020-09-05,point,,45.044214192226804
2020-08-16,3 wk ahead inc death,06,2020-09-05,point,,1395.764894729
2020-08-16,3 wk ahead inc death,48,2020-09-05,point,,2546.4816699481
2020-08-16,3 wk ahead inc death,12,2020-09-05,point,,2032.46507816596
2020-08-16,3 wk ahead inc death,25,2020-09-05,point,,126.068771494243
2020-08-16,3 wk ahead inc death,17,2020-09-05,point,,121.034720919805
2020-08-16,3 wk ahead inc death,42,2020-09-05,point,,120.52177144968901
2020-08-16,3 wk ahead inc death,26,2020-09-05,point,,58.2119795392384
2020-08-16,3 wk ahead inc death,13,2020-09-05,point,,647.015464444069
2020-08-16,3 wk ahead inc death,04,2020-09-05,point,,547.469892193267
2020-08-16,3 wk ahead inc death,09,2020-09-05,point,,24.763485508628
2020-08-16,3 wk ahead inc death,22,2020-09-05,point,,399.204230533335
2020-08-16,3 wk ahead inc death,39,2020-09-05,point,,224.78115592424
2020-08-16,3 wk ahead inc death,24,2020-09-05,point,,97.0142626395899
2020-08-16,3 wk ahead inc death,18,2020-09-05,point,,68.0878520510205
2020-08-16,3 wk ahead inc death,51,2020-09-05,point,,226.88776450567102
2020-08-16,3 wk ahead inc death,37,2020-09-05,point,,306.018823157756
2020-08-16,3 wk ahead inc death,45,2020-09-05,point,,578.248454817094
2020-08-16,3 wk ahead inc death,28,2020-09-05,point,,348.148505991772
2020-08-16,3 wk ahead inc death,08,2020-09-05,point,,47.36114029552171
2020-08-16,3 wk ahead inc death,01,2020-09-05,point,,214.910352791648
2020-08-16,3 wk ahead inc death,53,2020-09-05,point,,153.53853785090402
2020-08-16,3 wk ahead inc death,27,2020-09-05,point,,70.1112474528792
2020-08-16,3 wk ahead inc death,47,2020-09-05,point,,197.319619881797
2020-08-16,3 wk ahead inc death,29,2020-09-05,point,,59.249779965774096
2020-08-16,3 wk ahead inc death,32,2020-09-05,point,,255.104146653445
2020-08-16,3 wk ahead inc death,55,2020-09-05,point,,104.50909311024799
2020-08-16,3 wk ahead inc death,44,2020-09-05,point,,1.22974569950205
2020-08-16,3 wk ahead inc death,19,2020-09-05,point,,71.1428944509599
2020-08-16,3 wk ahead inc death,40,2020-09-05,point,,65.37849652009321
2020-08-16,3 wk ahead inc death,21,2020-09-05,point,,33.8537770392671
2020-08-16,4 wk ahead inc death,US,2020-09-12,point,,14347.8633014401
2020-08-16,4 wk ahead inc death,36,2020-09-12,point,,39.3828219818727
2020-08-16,4 wk ahead inc death,34,2020-09-12,point,,45.786755087432006
2020-08-16,4 wk ahead inc death,06,2020-09-12,point,,1603.0822787186098
2020-08-16,4 wk ahead inc death,48,2020-09-12,point,,3226.3999183400606
2020-08-16,4 wk ahead inc death,12,2020-09-12,point,,2486.46173645599
2020-08-16,4 wk ahead inc death,25,2020-09-12,point,,137.275162644939
2020-08-16,4 wk ahead inc death,17,2020-09-12,point,,124.15806778892099
2020-08-16,4 wk ahead inc death,42,2020-09-12,point,,141.353567989548
2020-08-16,4 wk ahead inc death,26,2020-09-12,point,,60.1766372300146
2020-08-16,4 wk ahead inc death,13,2020-09-12,point,,787.0941155495419
2020-08-16,4 wk ahead inc death,04,2020-09-12,point,,640.477853725926
2020-08-16,4 wk ahead inc death,09,2020-09-12,point,,34.6234875145017
2020-08-16,4 wk ahead inc death,22,2020-09-12,point,,480.82527102154006
2020-08-16,4 wk ahead inc death,39,2020-09-12,point,,252.073425050682
2020-08-16,4 wk ahead inc death,24,2020-09-12,point,,108.303691083501
2020-08-16,4 wk ahead inc death,18,2020-09-12,point,,69.9062917330959
2020-08-16,4 wk ahead inc death,51,2020-09-12,point,,271.911191790071
2020-08-16,4 wk ahead inc death,37,2020-09-12,point,,363.491362874207
2020-08-16,4 wk ahead inc death,45,2020-09-12,point,,747.2906783521381
2020-08-16,4 wk ahead inc death,28,2020-09-12,point,,418.23129252359496
2020-08-16,4 wk ahead inc death,08,2020-09-12,point,,57.96503909600761
2020-08-16,4 wk ahead inc death,01,2020-09-12,point,,241.230858632356
2020-08-16,4 wk ahead inc death,53,2020-09-12,point,,182.94342909472698
2020-08-16,4 wk ahead inc death,27,2020-09-12,point,,83.6284058632647
2020-08-16,4 wk ahead inc death,47,2020-09-12,point,,227.69948878658698
2020-08-16,4 wk ahead inc death,29,2020-09-12,point,,64.6081228905046
2020-08-16,4 wk ahead inc death,32,2020-09-12,point,,340.273749555662
2020-08-16,4 wk ahead inc death,55,2020-09-12,point,,130.138896785196
2020-08-16,4 wk ahead inc death,44,2020-09-12,point,,0.822188239709249
2020-08-16,4 wk ahead inc death,19,2020-09-12,point,,82.35705366291941
2020-08-16,4 wk ahead inc death,40,2020-09-12,point,,74.5343078103286
2020-08-16,4 wk ahead inc death,21,2020-09-12,point,,35.8954012727651
2020-08-16,1 wk ahead cum death,US,2020-08-22,point,,176632.286212262
2020-08-16,1 wk ahead cum death,36,2020-08-22,point,,32887.2708226836
2020-08-16,1 wk ahead cum death,34,2020-08-22,point,,15953.6882445972
2020-08-16,1 wk ahead cum death,06,2020-08-22,point,,12302.4447916776
2020-08-16,1 wk ahead cum death,48,2020-08-22,point,,11956.3031759077
2020-08-16,1 wk ahead cum death,12,2020-08-22,point,,10735.1876278467
2020-08-16,1 wk ahead cum death,25,2020-08-22,point,,8933.29866925578
2020-08-16,1 wk ahead cum death,17,2020-08-22,point,,8052.840526547559
2020-08-16,1 wk ahead cum death,42,2020-08-22,point,,7539.5699877011
2020-08-16,1 wk ahead cum death,26,2020-08-22,point,,6566.79568143921
2020-08-16,1 wk ahead cum death,13,2020-08-22,point,,5115.8220483943705
2020-08-16,1 wk ahead cum death,04,2020-08-22,point,,4896.99974459606
2020-08-16,1 wk ahead cum death,09,2020-08-22,point,,4465.34820302361
2020-08-16,1 wk ahead cum death,22,2020-08-22,point,,4719.330675455771
2020-08-16,1 wk ahead cum death,39,2020-08-22,point,,4000.25587338848
2020-08-16,1 wk ahead cum death,24,2020-08-22,point,,3711.8845275828203
2020-08-16,1 wk ahead cum death,18,2020-08-22,point,,3192.82419540413
2020-08-16,1 wk ahead cum death,51,2020-08-22,point,,2535.1787465146303
2020-08-16,1 wk ahead cum death,37,2020-08-22,point,,2558.70505164557
2020-08-16,1 wk ahead cum death,45,2020-08-22,point,,2602.21339476341
2020-08-16,1 wk ahead cum death,28,2020-08-22,point,,2318.65635549474
2020-08-16,1 wk ahead cum death,08,2020-08-22,point,,1928.40038605054
2020-08-16,1 wk ahead cum death,01,2020-08-22,point,,2065.54857144405
2020-08-16,1 wk ahead cum death,53,2020-08-22,point,,1873.1894311094397
2020-08-16,1 wk ahead cum death,27,2020-08-22,point,,1757.7412099129901
2020-08-16,1 wk ahead cum death,47,2020-08-22,point,,1496.2887493401402
2020-08-16,1 wk ahead cum death,29,2020-08-22,point,,1364.2032250270802
2020-08-16,1 wk ahead cum death,32,2020-08-22,point,,1215.69364137368
2020-08-16,1 wk ahead cum death,55,2020-08-22,point,,1105.93405298544
2020-08-16,1 wk ahead cum death,44,2020-08-22,point,,1023.9067125733199
2020-08-16,1 wk ahead cum death,19,2020-08-22,point,,1029.28373037562
2020-08-16,1 wk ahead cum death,40,2020-08-22,point,,708.19971312813
2020-08-16,1 wk ahead cum death,21,2020-08-22,point,,840.322662750829
2020-08-16,2 wk ahead cum death,US,2020-08-29,point,,186566.15558365398
2020-08-16,2 wk ahead cum death,36,2020-08-29,point,,32935.9176205309
2020-08-16,2 wk ahead cum death,34,2020-08-29,point,,15998.0173288598
2020-08-16,2 wk ahead cum death,06,2020-08-29,point,,13529.46304777
2020-08-16,2 wk ahead cum death,48,2020-08-29,point,,14001.045698580401
2020-08-16,2 wk ahead cum death,12,2020-08-29,point,,12420.9270658784
2020-08-16,2 wk ahead cum death,25,2020-08-29,point,,9050.01184435308
2020-08-16,2 wk ahead cum death,17,2020-08-29,point,,8170.9602426964
2020-08-16,2 wk ahead cum death,42,2020-08-29,point,,7643.80525517282
2020-08-16,2 wk ahead cum death,26,2020-08-29,point,,6623.01448210349
2020-08-16,2 wk ahead cum death,13,2020-08-29,point,,5650.038088373511
2020-08-16,2 wk ahead cum death,04,2020-08-29,point,,5367.140430530821
2020-08-16,2 wk ahead cum death,09,2020-08-29,point,,4482.7399512817
2020-08-16,2 wk ahead cum death,22,2020-08-29,point,,5051.37049764797
2020-08-16,2 wk ahead cum death,39,2020-08-29,point,,4199.0963990625205
2020-08-16,2 wk ahead cum death,24,2020-08-29,point,,3798.8533917857703
2020-08-16,2 wk ahead cum death,18,2020-08-29,point,,3259.27420939413
2020-08-16,2 wk ahead cum death,51,2020-08-29,point,,2722.2365269738198
2020-08-16,2 wk ahead cum death,37,2020-08-29,point,,2816.48993306083
2020-08-16,2 wk ahead cum death,45,2020-08-29,point,,3046.39286845259
2020-08-16,2 wk ahead cum death,28,2020-08-29,point,,2608.1247075245396
2020-08-16,2 wk ahead cum death,08,2020-08-29,point,,1967.5905254958398
2020-08-16,2 wk ahead cum death,01,2020-08-29,point,,2256.90198373158
2020-08-16,2 wk ahead cum death,53,2020-08-29,point,,2001.35985344388
2020-08-16,2 wk ahead cum death,27,2020-08-29,point,,1816.60151793555
2020-08-16,2 wk ahead cum death,47,2020-08-29,point,,1669.12328900793
2020-08-16,2 wk ahead cum death,29,2020-08-29,point,,1419.38255486574
2020-08-16,2 wk ahead cum death,32,2020-08-29,point,,1409.1383575800303
2020-08-16,2 wk ahead cum death,55,2020-08-29,point,,1189.8207976544302
2020-08-16,2 wk ahead cum death,44,2020-08-29,point,,1025.7866506427802
2020-08-16,2 wk ahead cum death,19,2020-08-29,point,,1090.21324292639
2020-08-16,2 wk ahead cum death,40,2020-08-29,point,,765.3245438791901
2020-08-16,2 wk ahead cum death,21,2020-08-29,point,,872.381803622303
2020-08-16,3 wk ahead cum death,US,2020-09-05,point,,198441.036210451
2020-08-16,3 wk ahead cum death,36,2020-09-05,point,,32979.5401641669
2020-08-16,3 wk ahead cum death,34,2020-09-05,point,,16043.0615430521
2020-08-16,3 wk ahead cum death,06,2020-09-05,point,,14925.227942499
2020-08-16,3 wk ahead cum death,48,2020-09-05,point,,16547.5273685285
2020-08-16,3 wk ahead cum death,12,2020-09-05,point,,14453.3921440444
2020-08-16,3 wk ahead cum death,25,2020-09-05,point,,9176.08061584732
2020-08-16,3 wk ahead cum death,17,2020-09-05,point,,8291.99496361621
2020-08-16,3 wk ahead cum death,42,2020-09-05,point,,7764.32702662251
2020-08-16,3 wk ahead cum death,26,2020-09-05,point,,6681.226461642729
2020-08-16,3 wk ahead cum death,13,2020-09-05,point,,6297.05355281758
2020-08-16,3 wk ahead cum death,04,2020-09-05,point,,5914.610322724089
2020-08-16,3 wk ahead cum death,09,2020-09-05,point,,4507.50343679033
2020-08-16,3 wk ahead cum death,22,2020-09-05,point,,5450.57472818131
2020-08-16,3 wk ahead cum death,39,2020-09-05,point,,4423.8775549867605
2020-08-16,3 wk ahead cum death,24,2020-09-05,point,,3895.86765442536
2020-08-16,3 wk ahead cum death,18,2020-09-05,point,,3327.36206144515
2020-08-16,3 wk ahead cum death,51,2020-09-05,point,,2949.12429147949
2020-08-16,3 wk ahead cum death,37,2020-09-05,point,,3122.50875621859
2020-08-16,3 wk ahead cum death,45,2020-09-05,point,,3624.64132326969
2020-08-16,3 wk ahead cum death,28,2020-09-05,point,,2956.2732135163105
2020-08-16,3 wk ahead cum death,08,2020-09-05,point,,2014.9516657913603
2020-08-16,3 wk ahead cum death,01,2020-09-05,point,,2471.81233652322
2020-08-16,3 wk ahead cum death,53,2020-09-05,point,,2154.89839129478
2020-08-16,3 wk ahead cum death,27,2020-09-05,point,,1886.7127653884302
2020-08-16,3 wk ahead cum death,47,2020-09-05,point,,1866.4429088897302
2020-08-16,3 wk ahead cum death,29,2020-09-05,point,,1478.63233483151
2020-08-16,3 wk ahead cum death,32,2020-09-05,point,,1664.2425042334698
2020-08-16,3 wk ahead cum death,55,2020-09-05,point,,1294.32989076468
2020-08-16,3 wk ahead cum death,44,2020-09-05,point,,1027.0163963422801
2020-08-16,3 wk ahead cum death,19,2020-09-05,point,,1161.35613737735
2020-08-16,3 wk ahead cum death,40,2020-09-05,point,,830.7030403992829
2020-08-16,3 wk ahead cum death,21,2020-09-05,point,,906.23558066157
2020-08-16,4 wk ahead cum death,US,2020-09-12,point,,212788.899511892
2020-08-16,4 wk ahead cum death,36,2020-09-12,point,,33018.9229861488
2020-08-16,4 wk ahead cum death,34,2020-09-12,point,,16088.8482981395
2020-08-16,4 wk ahead cum death,06,2020-09-12,point,,16528.3102212176
2020-08-16,4 wk ahead cum death,48,2020-09-12,point,,19773.9272868685
2020-08-16,4 wk ahead cum death,12,2020-09-12,point,,16939.8538805004
2020-08-16,4 wk ahead cum death,25,2020-09-12,point,,9313.35577849226
2020-08-16,4 wk ahead cum death,17,2020-09-12,point,,8416.153031405129
2020-08-16,4 wk ahead cum death,42,2020-09-12,point,,7905.680594612049
2020-08-16,4 wk ahead cum death,26,2020-09-12,point,,6741.403098872739
2020-08-16,4 wk ahead cum death,13,2020-09-12,point,,7084.147668367121
2020-08-16,4 wk ahead cum death,04,2020-09-12,point,,6555.08817645001
2020-08-16,4 wk ahead cum death,09,2020-09-12,point,,4542.12692430483
2020-08-16,4 wk ahead cum death,22,2020-09-12,point,,5931.39999920285
2020-08-16,4 wk ahead cum death,39,2020-09-12,point,,4675.95098003744
2020-08-16,4 wk ahead cum death,24,2020-09-12,point,,4004.1713455088598
2020-08-16,4 wk ahead cum death,18,2020-09-12,point,,3397.26835317825
2020-08-16,4 wk ahead cum death,51,2020-09-12,point,,3221.03548326956
2020-08-16,4 wk ahead cum death,37,2020-09-12,point,,3486.0001190928
2020-08-16,4 wk ahead cum death,45,2020-09-12,point,,4371.93200162182
2020-08-16,4 wk ahead cum death,28,2020-09-12,point,,3374.5045060398998
2020-08-16,4 wk ahead cum death,08,2020-09-12,point,,2072.91670488737
2020-08-16,4 wk ahead cum death,01,2020-09-12,point,,2713.04319515558
2020-08-16,4 wk ahead cum death,53,2020-09-12,point,,2337.8418203895103
2020-08-16,4 wk ahead cum death,27,2020-09-12,point,,1970.3411712517002
2020-08-16,4 wk ahead cum death,47,2020-09-12,point,,2094.1423976763103
2020-08-16,4 wk ahead cum death,29,2020-09-12,point,,1543.24045772202
2020-08-16,4 wk ahead cum death,32,2020-09-12,point,,2004.5162537891397
2020-08-16,4 wk ahead cum death,55,2020-09-12,point,,1424.46878754987
2020-08-16,4 wk ahead cum death,44,2020-09-12,point,,1027.83858458199
2020-08-16,4 wk ahead cum death,19,2020-09-12,point,,1243.71319104027
2020-08-16,4 wk ahead cum death,40,2020-09-12,point,,905.2373482096119
2020-08-16,4 wk ahead cum death,21,2020-09-12,point,,942.130981934336
